username,email,pwd
"user1","user1@example.com","Password1!"
"user2","user2@example.com","Password2!"
"user3","user3@example.com","Password3!"
"user4","user4@example.com","Password4!"
"user5","user5@example.com","Password5!"
"user6","user6@example.com","Password6!"
"user7","user7@example.com","Password7!"
"user8","user8@example.com","Password8!"
"user9","user9@example.com","Password9!"
"user10","user10@example.com","Password10!"
"user11","user11@example.com","Password11!"
"user12","user12@example.com","Password12!"
"user13","user13@example.com","Password13!"
"user14","user14@example.com","Password14!"
"user15","user15@example.com","Password15!"
"user16","user16@example.com","Password16!"
"user17","user17@example.com","Password17!"
"user18","user18@example.com","Password18!"
"user19","user19@example.com","Password19!"
"user20","user20@example.com","Password20!"
"user21","user21@example.com","Password21!"
"user22","user22@example.com","Password22!"
"user23","user23@example.com","Password23!"
"user24","user24@example.com","Password24!"
"user25","user25@example.com","Password25!"
"user26","user26@example.com","Password26!"
"user27","user27@example.com","Password27!"
"user28","user28@example.com","Password28!"
"user29","user29@example.com","Password29!"
"user30","user30@example.com","Password30!"
"user31","user31@example.com","Password31!"
"user32","user32@example.com","Password32!"
"user33","user33@example.com","Password33!"
"user34","user34@example.com","Password34!"
"user35","user35@example.com","Password35!"
"user36","user36@example.com","Password36!"
"user37","user37@example.com","Password37!"
"user38","user38@example.com","Password38!"
"user39","user39@example.com","Password39!"
"user40","user40@example.com","Password40!"
"user41","user41@example.com","Password41!"
"user42","user42@example.com","Password42!"
"user43","user43@example.com","Password43!"
"user44","user44@example.com","Password44!"
"user45","user45@example.com","Password45!"
"user46","user46@example.com","Password46!"
"user47","user47@example.com","Password47!"
"user48","user48@example.com","Password48!"
"user49","user49@example.com","Password49!"
"user50","user50@example.com","Password50!"